Seed,Temperature, Humidity, Wind,0,10,20,30,40,50,60,70,80,90,100,Total,Time
24867,10,10,10, 5.22,20.52,62.55,134.1,223.38,338.22,481.86,611.01,730.44,840.96,934.65,940.20,4.13547
24867,10,10,23, 5.22,57.78,206.19,348.21,444.78,532.89,619.02,710.19,794.97,887.4,996.75,1005.42,3.80978
24867,10,10,35, 5.22,95.94,260.28,339.57,409.14,468.72,524.16,584.73,640.35,723.69,788.4,795.91,4.60431
24867,10,10,48, 5.22,128.7,252.72,320.31,369.09,422.64,467.1,509.04,554.31,599.04,647.37,653.67,4.50494
24867,10,10,60, 5.22,154.26,241.11,301.05,346.68,388.26,428.04,463.68,499.23,535.5,574.02,579.69,4.88667
24867,10,30,10, 5.22,8.46,19.08,32.22,55.44,87.75,127.89,170.55,217.08,274.77,334.8,336.49,1.21874
24867,10,30,23, 5.22,18.99,52.74,116.55,203.22,290.7,346.68,393.21,441.99,482.85,522.72,528.26,1.91165
24867,10,30,35, 5.22,26.28,86.85,197.64,259.65,304.83,339.84,371.43,404.55,434.07,463.41,468.17,2.425
24867,10,30,48, 5.22,34.92,123.3,207.9,253.17,290.07,322.02,347.58,369.09,395.46,419.4,423.56,2.99318
24867,10,30,60, 5.22,45.09,152.1,201.51,240.39,274.77,303.48,329.67,349.38,365.58,382.77,387.30,3.47029
24867,10,50,10, 5.22,5.85,10.08,17.28,24.12,32.76,45.72,63.81,83.52,106.47,134.37,135.67,0.999255
24867,10,50,23, 5.22,11.79,23.22,44.91,80.46,120.96,176.49,246.87,291.06,329.4,358.38,361.77,1.52057
24867,10,50,35, 5.22,15.21,34.65,74.07,131.13,206.28,245.34,282.15,305.82,328.86,349.83,353.84,1.98009
24867,10,50,48, 5.22,18.54,49.86,103.95,180.72,213.75,241.56,270.36,292.32,312.39,330.84,334.88,2.3182
24867,10,50,60, 5.22,21.51,61.74,141.57,180,207.36,231.21,256.86,277.11,295.2,313.74,317.37,2.64177
24867,10,70,10, 5.22,4.68,7.65,10.44,15.39,20.25,24.93,30.87,39.42,47.61,61.02,60.95,0.991713
24867,10,70,23, 5.22,7.38,16.2,24.57,39.42,58.14,86.22,113.58,148.77,188.01,240.57,242.52,1.328
24867,10,70,35, 5.22,10.89,20.7,36.72,61.74,98.19,140.49,198.09,228.06,254.25,280.62,282.65,1.5952
24867,10,70,48, 5.22,13.05,27.27,52.2,88.56,150.66,186.66,208.71,228.24,248.76,268.65,271.43,1.87955
24867,10,70,60, 5.22,14.76,32.67,66.69,120.69,161.73,184.95,203.76,219.51,237.33,255.6,257.28,2.27436
24867,10,90,10, 5.22,4.05,6.39,7.92,10.17,13.95,17.91,21.15,24.75,28.62,34.11,33.75,0.960729
24867,10,90,23, 5.22,6.12,12.06,17.91,24.03,34.02,46.35,62.46,83.79,104.94,125.01,125.70,1.03423
24867,10,90,35, 5.22,7.47,15.48,23.22,36.45,52.92,77.31,104.22,136.17,174.87,208.26,209.55,1.32048
24867,10,90,48, 5.22,10.53,18.81,31.95,51.39,75.69,106.65,155.25,181.89,198.63,214.02,215.78,1.47787
24867,10,90,60, 5.22,11.7,22.41,40.05,63.45,95.76,143.64,163.98,181.17,195.75,207.81,209.61,1.58818
24867,18,10,10, 5.22,22.05,70.47,152.91,252.72,386.55,536.13,673.47,791.19,897.66,999.63,1006.58,1.96573
24867,18,10,23, 5.22,65.07,236.07,368.55,468.81,563.58,650.25,750.51,838.26,944.46,1065.69,1074.80,4.19552
24867,18,10,35, 5.22,106.83,277.47,353.79,426.33,488.25,547.56,609.03,679.68,765.18,828.27,835.88,5.36529
24867,18,10,48, 5.22,148.14,265.14,332.46,387.72,437.4,483.93,529.11,578.79,624.06,688.86,695.96,5.25492
24867,18,10,60, 5.22,164.34,252.27,313.2,358.29,404.01,442.71,480.69,519.3,558.36,597.6,603.78,5.63966
24867,18,30,10, 5.22,8.82,19.98,36,61.65,95.58,139.77,183.69,236.88,299.52,369.99,372.15,1.29129
24867,18,30,23, 5.22,19.98,56.88,125.55,228.15,309.06,360.27,409.41,457.74,499.77,540,545.05,2.1644
24867,18,30,35, 5.22,27.63,94.41,209.79,273.51,315.09,351.9,383.85,417.33,446.67,477.63,482.54,2.71003
24867,18,30,48, 5.22,36.36,141.3,215.37,263.16,299.25,332.37,356.4,377.82,406.08,429.93,434.16,3.38004
24867,18,30,60, 5.22,48.33,158.22,209.07,249.93,284.4,314.91,338.58,357.48,374.13,396.09,401.03,3.99667
24867,18,50,10, 5.22,6.21,10.44,17.91,25.02,36.18,48.78,68.85,90.99,116.64,146.97,147.66,0.981719
24867,18,50,23, 5.22,12.06,24.21,46.44,85.32,129.33,188.91,259.47,305.37,340.92,369.99,374.03,1.64078
24867,18,50,35, 5.22,15.75,36.63,78.12,140.31,215.01,255.24,291.15,315.27,338.04,358.38,361.93,2.05472
24867,18,50,48, 5.22,18.81,51.93,111.69,186.75,219.69,249.21,278.01,299.79,321.48,339.66,343.07,2.59244
24867,18,50,60, 5.22,22.41,66.24,147.96,185.4,213.66,239.04,263.97,285.3,304.56,322.56,326.07,3.0109
24867,18,70,10, 5.22,4.77,7.65,10.71,16.02,20.52,25.65,32.13,41.76,51.03,64.89,65.44,0.960658
24867,18,70,23, 5.22,7.65,16.83,25.02,41.04,61.47,91.71,119.25,157.77,205.02,257.13,257.77,1.37891
24867,18,70,35, 5.22,11.43,21.24,38.25,64.71,102.96,153.36,207.27,237.51,264.51,289.8,292.17,1.68986
24867,18,70,48, 5.22,13.23,28.26,53.64,92.88,160.11,191.25,215.82,237.24,257.76,277.65,280.60,2.08199
24867,18,70,60, 5.22,15.12,34.11,70.2,133.74,166.14,190.08,210.33,228.69,246.06,263.43,266.37,2.50417
24867,18,90,10, 5.22,4.05,6.39,8.1,10.44,14.4,18,21.42,25.38,29.16,35.46,35.44,0.978416
24867,18,90,23, 5.22,6.12,12.33,18.09,24.57,35.64,49.05,65.34,87.48,108.9,133.02,133.28,1.0693
24867,18,90,35, 5.22,7.65,16.02,23.85,37.17,55.89,79.29,109.35,145.26,193.05,216.99,219.49,1.34543
24867,18,90,48, 5.22,10.53,19.08,32.76,53.01,80.82,115.74,165.42,188.46,206.1,222.21,224.60,1.56679
24867,18,90,60, 5.22,11.88,22.95,41.31,67.68,104.94,149.67,168.48,186.39,201.06,215.46,217.27,1.72583
24867,25,10,10, 5.22,23.58,78.12,166.68,283.32,441.27,588.78,722.79,845.55,949.23,1071.9,1079.00,2.13654
24867,25,10,23, 5.22,74.16,263.79,389.07,489.24,589.68,685.26,783.81,885.6,1012.5,1129.32,1140.05,4.69349
24867,25,10,35, 5.22,120.15,289.89,369.45,441.81,504.99,571.68,632.43,720.99,796.32,875.7,883.91,6.61427
24867,25,10,48, 5.22,168.39,275.94,344.43,402.3,452.16,500.67,549.72,600.75,654.93,732.87,740.26,6.37132
24867,25,10,60, 5.22,172.17,261.63,325.44,368.37,417.6,456.66,497.16,537.66,580.77,621,627.49,6.14849
24867,25,30,10, 5.22,9,21.06,38.07,65.97,103.23,151.2,197.19,261.27,324.9,414.45,417.39,1.4226
24867,25,30,23, 5.22,20.52,60.75,135.54,250.65,324.36,374.4,425.16,472.5,514.8,556.83,562.21,2.23572
24867,25,30,35, 5.22,28.44,101.97,218.88,284.31,325.62,360.63,396,427.41,458.46,490.41,495.69,2.93486
24867,25,30,48, 5.22,38.07,156.24,222.21,272.52,308.16,341.1,364.14,387.81,416.25,439.38,444.12,3.72728
24867,25,30,60, 5.22,50.67,164.43,214.47,258.12,292.77,323.28,346.59,365.22,382.23,407.61,411.66,4.23184
24867,25,50,10, 5.22,6.48,10.71,18.18,25.65,37.44,51.21,73.8,96.75,123.93,155.7,156.12,1.01606
24867,25,50,23, 5.22,12.42,24.75,49.5,90.09,136.98,202.59,271.08,317.88,351.27,381.24,384.70,1.7228
24867,25,50,35, 5.22,16.11,37.98,81.72,150.93,223.47,263.88,298.44,323.19,345.78,365.22,368.99,2.31234
24867,25,50,48, 5.22,19.08,53.64,120.51,191.07,226.17,257.49,285.3,308.25,329.31,346.59,349.72,2.85194
24867,25,50,60, 5.22,23.4,70.02,151.92,189.36,218.25,246.06,271.71,291.51,312.21,329.13,333.04,3.40484
24867,25,70,10, 5.22,4.86,7.65,11.16,16.11,21.15,26.19,33.39,43.38,53.82,69.12,69.62,0.998558
24867,25,70,23, 5.22,7.92,16.92,25.2,41.85,63.54,96.3,126.81,167.94,224.37,266.49,267.56,1.49189
24867,25,70,35, 5.22,11.43,21.51,39.42,67.59,107.82,168.84,214.47,246.51,274.32,297.18,299.31,1.75888
24867,25,70,48, 5.22,13.5,28.62,56.34,96.75,165.87,196.47,222.03,243.36,266.85,285.48,287.61,2.29155
24867,25,70,60, 5.22,15.3,35.64,73.71,139.5,170.01,195.39,216.09,234.9,253.98,271.71,273.89,2.68012
24867,25,90,10, 5.22,4.14,6.39,8.28,10.8,14.67,18.45,21.87,25.74,29.88,36.99,37.18,0.978593
24867,25,90,23, 5.22,6.3,12.51,18.36,25.02,36.54,49.77,67.86,91.98,113.58,139.41,139.70,1.11652
24867,25,90,35, 5.22,7.92,16.11,24.93,38.25,57.33,83.88,113.76,158.94,200.7,226.44,227.21,1.60455
24867,25,90,48, 5.22,10.62,19.26,33.48,54.36,84.33,126.09,171.81,193.77,212.49,229.05,231.61,1.82695
24867,25,90,60, 5.22,12.06,23.49,43.11,71.46,116.1,154.17,174.42,191.79,207.72,221.22,224.42,1.95204
24867,33,10,10, 5.22,25.38,88.2,188.37,327.24,503.64,652.14,788.49,905.13,1023.12,1157.31,1163.43,2.16513
24867,33,10,23, 5.22,84.78,288.63,414.36,518.22,619.47,729.09,829.08,947.25,1087.11,1205.91,1216.76,5.7288
24867,33,10,35, 5.22,137.52,304.02,389.7,460.71,526.77,598.05,671.67,768.15,841.59,934.02,942.95,7.59647
24867,33,10,48, 5.22,182.61,288.54,357.39,418.23,469.98,521.55,576.99,627.93,703.17,776.52,783.37,8.3655
24867,33,10,60, 5.22,181.44,273.15,339.12,382.95,432.9,475.11,518.49,562.23,606.96,657.9,664.43,7.99971
24867,33,30,10, 5.22,9.36,21.96,41.22,72.27,113.22,163.53,216.09,288.18,366.48,456.12,459.56,1.54584
24867,33,30,23, 5.22,21.42,65.43,149.49,266.31,339.3,389.79,442.35,489.78,532.26,581.4,587.17,2.58209
24867,33,30,35, 5.22,30.33,110.43,229.86,295.02,336.78,370.08,407.7,439.92,472.68,506.07,510.84,3.37535
24867,33,30,48, 5.22,41.13,166.41,230.67,283.32,320.49,351,373.32,402.21,428.04,452.43,457.17,4.25683
24867,33,30,60, 5.22,54.27,169.38,222.12,268.65,303.75,333.45,355.05,373.14,393.21,418.86,423.65,5.02121
24867,33,50,10, 5.22,6.57,11.43,18.81,26.46,39.6,55.53,79.74,105.48,135.18,165.96,167.22,1.07152
24867,33,50,23, 5.22,12.6,25.65,52.2,96.66,146.88,229.59,285.48,333.99,361.98,394.11,397.53,1.96274
24867,33,50,35, 5.22,16.38,39.69,86.94,171.72,232.29,276.48,307.44,332.37,354.96,373.59,377.32,2.47964
24867,33,50,48, 5.22,19.62,57.33,139.95,197.46,234.36,268.56,294.3,317.61,338.13,353.7,357.67,3.38218
24867,33,50,60, 5.22,23.94,74.07,156.96,196.56,226.71,256.14,281.25,304.38,322.74,337.32,341.60,3.84977
24867,33,70,10, 5.22,5.04,7.74,11.43,16.65,21.69,26.73,36.36,45.27,57.51,75.15,75.71,1.05042
24867,33,70,23, 5.22,8.01,17.19,26.1,43.74,66.96,100.44,133.56,178.65,242.64,279.81,280.23,1.47008
24867,33,70,35, 5.22,11.52,21.87,40.68,71.55,113.22,183.42,221.76,255.24,284.04,304.83,307.23,2.00018
24867,33,70,48, 5.22,13.77,29.61,59.31,103.41,171.81,202.86,228.69,252,275.31,293.31,295.79,2.63654
24867,33,70,60, 5.22,15.66,36.99,76.86,144.45,173.97,201.06,222.12,243,262.26,280.62,283.13,3.11854
24867,33,90,10, 5.22,4.14,6.39,8.28,11.16,14.94,18.63,22.05,26.19,30.78,39.06,39.35,0.940766
24867,33,90,23, 5.22,6.3,12.51,18.72,25.38,37.89,52.47,71.55,97.38,119.16,146.88,147.63,1.1417
24867,33,90,35, 5.22,7.92,16.29,25.38,39.6,59.76,86.31,118.35,176.67,208.89,234.99,235.98,1.87493
24867,33,90,48, 5.22,10.62,19.62,33.93,56.34,87.93,142.38,177.3,199.53,219.96,238.05,240.26,2.09666
24867,33,90,60, 5.22,12.06,23.76,43.92,74.34,129.15,158.31,179.19,198.9,215.64,230.94,233.40,2.26356
24867,40,10,10, 5.22,27.18,98.73,214.29,375.03,555.12,707.4,845.46,961.65,1102.23,1251,1258.18,2.32998
24867,40,10,23, 5.22,97.02,312.93,439.11,544.86,649.71,767.7,878.22,1021.41,1161.72,1290.78,1302.47,6.48239
24867,40,10,35, 5.22,155.61,317.61,405.36,478.35,549,621.81,716.76,804.33,898.2,1007.1,1016.31,8.7391
24867,40,10,48, 5.22,192.78,300.78,369.36,432.18,486.9,541.98,600.57,661.77,750.33,815.85,823.62,9.95573
24867,40,10,60, 5.22,188.19,285.3,349.65,400.68,447.12,491.85,538.74,586.71,634.59,698.94,706.77,9.56734
24867,40,30,10, 5.22,9.72,22.59,43.2,79.38,122.49,176.94,238.95,311.4,413.64,486.54,490.82,1.63714
24867,40,30,23, 5.22,21.87,71.37,162.63,280.98,352.35,403.92,459,505.8,548.73,603.81,609.78,2.80662
24867,40,30,35, 5.22,31.59,117.99,241.74,305.01,346.23,380.25,418.5,451.53,487.26,519.75,524.86,3.77034
24867,40,30,48, 5.22,44.37,174.96,239.4,291.51,330.39,358.47,381.69,412.29,438.75,465.03,469.66,4.89455
24867,40,30,60, 5.22,57.51,176.67,231.39,276.93,313.65,342.27,362.79,381.6,406.89,429.03,434.24,5.80468
24867,40,50,10, 5.22,6.57,11.52,19.35,27.09,41.85,59.49,85.5,112.14,143.82,175.23,175.94,1.12817
24867,40,50,23, 5.22,12.87,26.19,54.9,101.7,156.87,247.59,301.41,344.61,371.61,405,408.69,2.1174
24867,40,50,35, 5.22,16.83,41.4,92.16,186.12,240.93,286.47,317.43,340.47,362.52,380.34,385.05,2.86725
24867,40,50,48, 5.22,20.07,60.66,151.56,204.57,242.37,277.11,304.74,325.35,344.7,360.36,364.58,3.7442
24867,40,50,60, 5.22,24.66,77.76,161.91,202.23,235.17,264.42,292.86,312.57,330.39,345.06,348.90,4.42778
24867,40,70,10, 5.22,5.04,7.83,11.52,17.01,22.05,27.45,37.98,46.98,61.29,80.1,80.34,1.0206
24867,40,70,23, 5.22,8.01,17.46,26.55,45.81,70.11,105.03,139.86,189.63,255.78,291.33,293.68,1.73291
24867,40,70,35, 5.22,11.7,22.41,41.58,75.51,117.72,191.61,229.68,262.44,292.41,314.91,317.50,2.22058
24867,40,70,48, 5.22,13.95,30.51,62.46,108.09,176.31,208.98,235.71,259.65,283.41,302.85,305.66,2.91591
24867,40,70,60, 5.22,15.75,38.16,79.47,148.32,179.64,206.01,230.31,249.84,270.9,291.15,293.87,3.45966
24867,40,90,10, 5.22,4.14,6.57,8.28,11.16,15.21,18.81,22.77,26.46,32.22,41.22,40.95,1.01808
24867,40,90,23, 5.22,6.3,12.69,18.9,25.83,39.33,54.45,73.89,101.43,124.83,154.08,154.85,1.20248
24867,40,90,35, 5.22,8.1,16.38,26.19,40.59,61.65,89.73,124.02,186.39,216.09,242.82,244.60,1.82278
24867,40,90,48, 5.22,10.71,19.71,34.92,58.59,90.72,151.29,181.8,206.19,226.98,245.16,247.15,2.25545
24867,40,90,60, 5.22,12.24,24.21,45.18,76.95,133.74,162.27,184.5,204.57,221.94,238.05,240.82,2.65921
24868,10,10,10, 5.22,29.79,85.41,161.28,231.93,312.3,385.83,468,531.18,597.24,669.33,674.21,1.43942
24868,10,10,23, 5.22,70.2,146.88,223.83,290.07,355.05,403.56,457.2,510.48,572.13,628.38,635.28,2.55295
24868,10,10,35, 5.22,90.63,140.67,187.92,240.21,286.83,335.16,372.33,403.83,444.51,485.46,491.75,3.11615
24868,10,10,48, 5.22,88.74,126.18,166.68,202.68,242.01,278.73,314.19,347.85,374.76,399.96,404.67,3.48781
24868,10,10,60, 5.22,85.5,117.18,151.65,182.88,211.23,243.54,273.51,300.96,332.64,357.39,362.01,4.06529
24868,10,30,10, 5.22,13.41,29.34,50.49,80.64,124.47,166.95,195.03,232.29,275.31,312.03,315.81,0.98847
24868,10,30,23, 5.22,26.82,78.21,116.64,146.25,182.34,218.16,254.7,282.69,315.9,345.51,350.02,1.55747
24868,10,30,35, 5.22,35.82,90.09,113.76,139.77,162.9,186.12,210.69,236.97,260.82,281.7,285.77,1.86073
24868,10,30,48, 5.22,50.4,88.65,108.54,126.27,147.24,166.23,185.49,203.31,220.32,240.3,243.43,2.33944
24868,10,30,60, 5.22,60.21,86.13,103.32,119.7,135.45,150.93,168.48,184.23,198.45,213.03,216.36,2.79735
24868,10,50,10, 5.22,7.65,16.2,25.83,37.71,51.48,67.86,91.8,119.52,150.03,171.54,171.95,0.991073
24868,10,50,23, 5.22,14.76,34.83,72,103.23,120.06,135.63,162.45,181.44,204.12,227.34,230.09,1.24899
24868,10,50,35, 5.22,20.79,54.63,87.21,103.41,117.36,130.95,149.13,162.9,176.76,193.32,196.08,1.73688
24868,10,50,48, 5.22,25.74,69.48,85.59,99.36,111.6,123.12,135.81,147.15,159.66,172.44,175.40,2.13539
24868,10,50,60, 5.22,28.71,70.29,83.79,96.03,106.65,117.27,127.44,137.52,147.06,157.32,159.97,2.42609
24868,10,70,10, 5.22,5.94,10.53,16.92,23.4,29.79,36.99,46.89,56.7,69.57,84.33,84.50,0.962434
24868,10,70,23, 5.22,10.44,22.05,36,58.23,91.71,105.93,117.81,129.06,142.47,160.11,162.28,1.10949
24868,10,70,35, 5.22,12.6,29.88,61.38,83.52,94.59,105.57,115.65,124.92,135.99,147.78,150.07,1.36221
24868,10,70,48, 5.22,16.83,39.24,71.19,83.34,92.07,101.16,110.34,118.53,126.72,135.09,137.28,1.67166
24868,10,70,60, 5.22,20.07,54.45,71.91,81.09,89.01,97.83,104.85,113.13,119.07,127.17,129.36,1.87589
24868,10,90,10, 5.22,4.95,8.01,11.61,16.74,21.78,26.37,30.15,34.56,40.5,46.26,45.58,0.97538
24868,10,90,23, 5.22,8.01,15.12,24.3,34.29,46.35,67.23,90.63,103.23,112.5,120.06,121.01,1.09057
24868,10,90,35, 5.22,9.99,20.34,32.85,52.29,75.6,87.3,95.85,103.23,109.89,116.46,118.62,1.04966
24868,10,90,48, 5.22,11.52,25.47,44.73,68.94,77.85,85.68,92.34,99,104.94,110.88,113.08,1.15004
24868,10,90,60, 5.22,13.23,28.71,57.42,69.75,77.58,83.43,88.83,94.86,100.53,105.66,107.45,1.2767
24868,18,10,10, 5.22,31.86,93.69,180.45,258.39,341.28,416.34,498.33,565.92,640.8,718.92,724.37,1.53137
24868,18,10,23, 5.22,82.35,161.82,239.67,308.16,370.8,425.61,482.76,541.17,606.24,667.89,674.74,2.90035
24868,18,10,35, 5.22,95.13,148.68,198.09,254.34,301.68,350.37,387.72,423.9,469.71,512.46,518.47,3.65171
24868,18,10,48, 5.22,91.62,133.74,174.78,213.48,256.5,293.04,332.64,362.61,390.24,416.88,422.42,3.887
24868,18,10,60, 5.22,88.02,121.23,158.67,191.61,222.75,257.94,287.82,319.23,348.93,373.23,378.25,4.47847
24868,18,30,10, 5.22,13.77,30.33,54.27,89.55,142.02,176.58,208.35,253.53,292.32,331.02,334.78,1.10992
24868,18,30,23, 5.22,28.17,87.93,120.96,157.23,190.8,230.13,264.24,294.75,328.59,357.48,362.00,1.71804
24868,18,30,35, 5.22,38.7,93.78,117.63,145.35,168.3,194.31,220.5,247.5,270.27,293.13,297.13,2.1883
24868,18,30,48, 5.22,59.04,90.9,111.78,131.04,152.55,173.16,192.51,210.87,229.5,249.66,253.61,2.78194
24868,18,30,60, 5.22,63.72,87.93,106.74,123.84,140.85,157.77,176.22,192.06,207.18,221.4,225.43,3.36006
24868,18,50,10, 5.22,7.92,16.74,26.73,40.05,54.54,74.07,104.94,140.94,162.9,181.26,182.99,1.01228
24868,18,50,23, 5.22,15.3,36.18,80.64,106.74,123.39,142.56,167.49,187.74,211.41,235.8,239.35,1.4676
24868,18,50,35, 5.22,22.05,63.54,89.64,106.11,120.87,136.71,153.27,167.85,183.33,199.71,203.25,1.88129
24868,18,50,48, 5.22,26.37,71.73,88.02,102.51,115.74,128.7,140.49,152.64,165.69,179.28,182.43,2.33432
24868,18,50,60, 5.22,29.97,72.45,86.4,98.55,109.98,120.78,132.39,141.84,152.55,166.5,168.82,2.76298
24868,18,70,10, 5.22,5.94,10.89,17.19,23.67,30.78,40.5,50.67,60.84,75.96,93.96,94.17,0.96355
24868,18,70,23, 5.22,10.53,23.76,37.35,67.77,96.12,109.53,121.23,133.83,149.76,166.23,168.46,1.20212
24868,18,70,35, 5.22,13.32,31.23,67.95,85.68,97.47,109.53,119.61,129.51,141.75,152.64,154.88,1.54664
24868,18,70,48, 5.22,18,44.1,73.8,85.14,94.5,104.58,114.03,123.48,132.57,140.58,142.95,2.00832
24868,18,70,60, 5.22,20.97,57.69,73.71,82.98,91.71,100.8,109.17,117.45,125.64,132.3,134.18,2.3141
24868,18,90,10, 5.22,4.95,8.19,11.88,17.19,22.05,26.73,31.59,36.72,44.37,51.75,51.63,0.9683
24868,18,90,23, 5.22,8.19,15.3,26.28,36.63,53.01,82.35,98.37,107.73,116.73,125.01,126.51,1.0779
24868,18,90,35, 5.22,9.99,22.5,34.65,64.98,79.92,90.54,98.82,107.19,115.47,122.04,123.99,1.15514
24868,18,90,48, 5.22,11.7,26.73,54.36,72.45,80.91,88.92,96.03,102.87,109.8,116.64,118.40,1.42447
24868,18,90,60, 5.22,14.49,30.78,61.56,72.72,80.55,86.85,92.43,99.18,105.3,110.79,112.87,1.70716
24868,25,10,10, 5.22,35.37,104.04,193.5,283.14,366.84,451.89,526.41,602.01,681.21,763.83,767.98,1.60552
24868,25,10,23, 5.22,93.78,171.27,253.8,326.61,385.83,445.86,505.17,574.11,638.28,717.84,726.10,3.155
24868,25,10,35, 5.22,98.37,154.8,208.98,266.58,321.12,364.5,401.76,446.22,493.83,537.48,543.77,4.22415
24868,25,10,48, 5.22,94.05,140.85,182.79,224.73,268.38,305.82,346.68,377.37,405,440.73,446.56,4.50989
24868,25,10,60, 5.22,90.45,127.53,166.32,200.34,234.63,270.45,302.13,336.42,364.23,387.45,392.85,5.01003
24868,25,30,10, 5.22,14.4,32.67,57.69,99.99,153.72,185.4,225.63,270.9,308.88,348.57,353.32,1.08439
24868,25,30,23, 5.22,30.42,94.14,124.65,163.35,198.18,240.39,272.79,306.9,340.02,368.1,372.61,1.97272
24868,25,30,35, 5.22,41.49,95.76,121.32,150.12,174.15,201.78,229.5,256.32,279.18,302.94,307.32,2.50348
24868,25,30,48, 5.22,63.09,92.79,115.74,136.71,157.68,179.82,199.71,219.24,238.41,259.56,263.76,3.23752
24868,25,30,60, 5.22,65.16,89.73,110.07,128.97,145.8,166.32,183.78,199.89,215.46,229.77,233.46,3.95837
24868,25,50,10, 5.22,8.1,17.19,27.9,42.03,57.15,80.55,118.89,150.03,169.83,189.72,192.09,1.03546
24868,25,50,23, 5.22,15.57,37.08,86.4,108.99,128.16,149.76,172.53,194.04,218.97,243.72,247.09,1.60425
24868,25,50,35, 5.22,22.77,67.86,91.71,109.26,124.92,141.57,157.95,173.34,190.26,206.1,209.95,2.028
24868,25,50,48, 5.22,27.27,74.16,90.45,104.58,118.98,132.66,144.36,158.4,173.52,186.3,189.21,2.5879
24868,25,50,60, 5.22,31.68,73.8,88.56,100.71,113.4,125.55,135.27,146.25,159.57,171.99,174.67,3.25827
24868,25,70,10, 5.22,5.94,11.16,17.55,24.3,33.21,42.93,52.92,63.72,83.16,108.9,109.35,0.979651
24868,25,70,23, 5.22,10.62,24.57,38.61,77.13,98.82,112.41,125.91,138.96,155.25,171.18,173.79,1.30944
24868,25,70,35, 5.22,13.5,32.22,71.19,87.21,100.26,112.32,123.66,134.64,146.07,157.86,160.00,1.78011
24868,25,70,48, 5.22,18.99,49.5,75.96,86.49,98.82,107.91,118.26,127.35,135.72,144.45,147.00,2.24418
24868,25,70,60, 5.22,21.6,59.85,75.06,85.14,95.76,104.04,112.23,121.32,128.43,135.18,137.61,2.74193
24868,25,90,10, 5.22,5.13,8.28,12.42,17.37,22.41,27.45,33.21,40.23,47.43,55.26,55.31,0.940625
24868,25,90,23, 5.22,8.19,15.57,27.72,37.8,60.12,88.2,100.8,110.61,120.51,129.87,131.51,1.19423
24868,25,90,35, 5.22,10.08,23.13,36.99,69.84,82.98,92.52,101.79,110.88,119.34,127.17,129.01,1.47856
24868,25,90,48, 5.22,12.24,28.08,60.48,75.33,83.25,91.8,99.99,106.56,113.85,121.14,123.17,1.65552
24868,25,90,60, 5.22,15.57,33.03,64.08,74.61,81.99,89.55,97.38,102.69,108.9,115.74,117.43,1.95945
24868,33,10,10, 5.22,38.52,121.5,211.14,310.5,396.09,489.6,563.94,647.64,737.19,810.72,816.07,1.70274
24868,33,10,23, 5.22,102.33,182.43,268.38,345.96,406.26,471.6,536.31,611.1,683.01,787.68,796.18,3.55213
24868,33,10,35, 5.22,103.5,163.08,223.2,281.97,338.31,381.33,421.38,474.12,523.17,582.39,588.46,5.09107
24868,33,10,48, 5.22,97.83,147.15,193.32,239.49,283.41,327.42,363.78,394.56,425.88,469.89,475.66,5.06209
24868,33,10,60, 5.22,94.05,134.91,175.23,211.41,249.75,285.21,318.33,354.24,380.07,405.09,410.06,5.94535
24868,33,30,10, 5.22,14.67,35.37,60.75,116.1,163.26,198.63,244.8,289.44,331.29,370.89,375.23,1.22294
24868,33,30,23, 5.22,31.86,99.36,129.78,170.46,209.61,250.83,283.68,320.49,352.8,380.61,385.86,2.07898
24868,33,30,35, 5.22,47.25,99.72,126.72,156.15,182.07,211.14,239.49,266.58,291.33,314.91,319.55,2.96421
24868,33,30,48, 5.22,66.69,96.66,120.6,142.47,165.33,188.91,209.34,228.51,250.2,271.17,275.28,3.68418
24868,33,30,60, 5.22,67.59,92.97,114.75,133.65,152.19,174.33,192.87,209.7,224.28,239.22,243.20,4.56946
24868,33,50,10, 5.22,8.46,17.73,29.16,44.55,60.21,90.9,133.11,157.41,180.09,204.66,207.09,1.01682
24868,33,50,23, 5.22,16.02,39.15,90.36,113.4,133.02,156.87,179.37,202.68,229.14,252.99,256.17,1.71368
24868,33,50,35, 5.22,23.76,72.36,93.87,113.4,130.32,147.33,164.88,181.8,199.62,216.09,219.61,2.41491
24868,33,50,48, 5.22,28.62,76.68,92.88,109.17,124.2,136.08,150.03,167.04,180.99,194.31,197.60,3.02851
24868,33,50,60, 5.22,35.28,75.6,90.99,104.76,118.08,129.33,139.86,152.82,167.4,179.46,182.71,3.6252
24868,33,70,10, 5.22,6.03,11.16,18.09,25.11,35.55,45.81,55.98,68.67,94.86,127.71,128.37,0.991214
24868,33,70,23, 5.22,11.16,25.2,40.77,82.44,101.7,115.92,129.6,145.17,161.73,177.3,179.86,1.45612
24868,33,70,35, 5.22,14.13,32.94,73.98,89.19,103.59,116.1,128.43,139.41,151.65,163.35,166.05,1.98311
24868,33,70,48, 5.22,19.71,55.26,77.85,89.01,101.34,112.14,121.68,131.31,140.31,149.04,151.64,2.40402
24868,33,70,60, 5.22,22.23,62.55,76.95,87.93,98.37,107.37,116.01,123.93,131.76,138.24,141.03,2.98197
24868,33,90,10, 5.22,5.13,8.28,12.6,17.55,22.59,28.44,35.82,42.93,50.31,58.68,58.54,0.961684
24868,33,90,23, 5.22,8.19,15.84,28.44,39.6,71.1,91.98,104.4,114.93,125.01,135.27,137.24,1.26192
24868,33,90,35, 5.22,10.17,23.85,39.69,73.44,85.41,94.41,105.84,115.38,123.12,133.02,134.95,1.62263
24868,33,90,48, 5.22,12.24,28.8,63.81,77.58,85.59,94.86,102.87,110.88,119.25,126.27,128.05,2.07475
24868,33,90,60, 5.22,16.02,36.54,65.7,76.59,84.33,92.97,99.9,106.83,112.86,119.88,121.68,2.43231
24868,40,10,10, 5.22,43.65,141.66,234.81,336.78,425.61,517.95,602.01,691.11,782.73,857.16,862.58,1.86045
24868,40,10,23, 5.22,108.63,194.31,283.77,363.06,428.31,497.7,573.21,647.1,742.23,856.35,865.99,4.15034
24868,40,10,35, 5.22,106.83,169.74,237.15,296.46,353.43,397.44,446.13,501.03,554.94,626.04,633.34,6.02315
24868,40,10,48, 5.22,102.06,153.54,203.22,253.08,298.53,344.16,379.53,411.48,454.59,496.17,502.54,6.48775
24868,40,10,60, 5.22,96.93,141.3,184.41,222.3,263.79,300.78,338.13,369.63,396.81,424.26,429.49,6.98877
24868,40,30,10, 5.22,15.66,37.08,65.07,131.04,171.36,213.21,260.19,306.99,350.37,388.8,392.12,1.35251
24868,40,30,23, 5.22,33.48,102.15,135.81,177.21,219.87,260.37,295.65,333.18,365.31,392.31,397.70,2.45147
24868,40,30,35, 5.22,54.99,102.51,131.31,161.91,191.43,221.04,249.93,276.84,303.12,328.41,333.07,3.61968
24868,40,30,48, 5.22,68.67,100.17,125.1,148.14,174.24,196.92,218.61,237.78,260.37,281.52,285.44,4.28608
24868,40,30,60, 5.22,70.11,97.2,119.07,138.24,160.56,182.34,201.42,216.81,231.93,249.39,253.04,5.319
24868,40,50,10, 5.22,8.64,18.63,31.5,47.07,62.64,102.69,141.03,165.6,189.9,217.08,219.54,1.15901
24868,40,50,23, 5.22,17.28,41.31,94.5,117.54,138.6,164.16,186.57,211.86,239.22,261.27,264.73,1.9182
24868,40,50,35, 5.22,24.48,74.88,96.66,117.18,134.46,153.36,171.18,190.08,207.72,223.65,227.52,2.73944
24868,40,50,48, 5.22,29.25,78.21,95.94,112.86,127.98,141.21,156.6,173.43,188.82,202.5,205.90,3.45121
24868,40,50,60, 5.22,39.69,77.31,94.14,107.91,121.32,133.11,144.36,160.56,174.15,187.56,190.00,4.27826
24868,40,70,10, 5.22,6.03,11.52,18.72,26.01,37.26,47.16,58.32,76.05,109.44,136.35,135.88,1.02595
24868,40,70,23, 5.22,11.25,26.46,43.47,86.58,104.4,120.15,134.55,151.56,168.3,183.96,186.27,1.6033
24868,40,70,35, 5.22,14.76,34.47,76.32,91.98,106.02,119.88,132.21,144.09,157.32,169.65,171.81,2.23511
24868,40,70,48, 5.22,20.43,58.86,78.93,91.26,103.77,115.38,125.28,134.91,143.73,154.71,157.25,2.81937
24868,40,70,60, 5.22,23.04,64.35,78.66,90.72,100.8,110.34,119.34,127.26,135.18,143.1,145.24,3.68433
24868,40,90,10, 5.22,5.4,8.37,12.69,17.64,23.04,29.79,37.53,45.36,52.65,60.75,60.99,1.01629
24868,40,90,23, 5.22,8.64,16.38,29.34,40.95,77.58,94.59,106.2,118.71,129.06,141.48,143.18,1.39973
24868,40,90,35, 5.22,10.35,24.48,43.38,75.78,87.48,97.65,108.54,118.89,128.52,136.44,138.80,1.78553
24868,40,90,48, 5.22,12.69,29.34,66.6,78.57,87.48,97.2,105.57,114.66,122.04,129.06,131.25,2.50569
24868,40,90,60, 5.22,16.65,41.04,67.5,78.21,86.67,95.49,102.69,109.98,116.46,122.49,124.36,2.83927
24869,10,10,10, 5.04,21.96,40.32,57.42,77.58,121.41,157.23,196.56,234.81,262.89,296.73,299.74,1.06083
24869,10,10,23, 5.04,24.03,38.79,51.39,75.78,110.88,141.21,175.59,207,235.44,263.52,268.10,1.70154
24869,10,10,35, 5.04,22.5,35.28,45.36,57.96,84.42,110.7,131.76,152.73,174.78,201.15,205.46,2.3517
24869,10,10,48, 5.04,21.51,32.85,42.3,52.47,71.1,91.62,109.53,126,141.66,157.23,160.99,2.91007
24869,10,10,60, 5.04,21.06,31.23,39.69,49.32,62.28,80.37,95.49,109.98,123.57,136.08,139.73,3.61425
24869,10,30,10, 5.04,12.96,25.38,36.45,44.82,52.65,61.92,77.85,96.93,116.91,135.45,138.09,1.01466
24869,10,30,23, 5.04,17.19,27.18,36.36,42.93,51.48,61.92,79.38,93.96,112.14,126.54,129.95,1.3215
24869,10,30,35, 5.04,17.73,25.92,33.21,39.6,46.89,54.09,65.52,76.95,89.73,102.06,105.22,1.70398
24869,10,30,48, 5.04,17.73,25.02,31.77,37.62,44.37,50.49,57.96,67.59,76.59,87.39,90.26,2.33704
24869,10,30,60, 5.04,18.18,24.66,30.87,36.27,42.84,48.78,54.99,62.28,70.02,78.93,81.94,2.61077
24869,10,50,10, 5.04,7.74,16.92,24.21,31.23,37.53,43.11,48.42,53.1,58.59,66.24,67.95,0.982423
24869,10,50,23, 5.04,14.94,21.51,27.99,34.65,39.42,44.46,50.85,55.89,66.24,75.33,78.08,1.13253
24869,10,50,35, 5.04,15.39,21.51,26.91,32.58,37.08,41.49,46.98,51.48,57.51,64.98,67.14,1.49711
24869,10,50,48, 5.04,15.57,21.51,26.19,31.32,35.28,39.87,44.73,49.32,53.46,59.49,61.71,1.78852
24869,10,50,60, 5.04,15.75,21.42,25.65,30.42,34.11,38.43,43.83,48.06,52.02,57.06,58.80,2.29357
24869,10,70,10, 5.04,4.77,8.46,13.5,19.08,23.67,28.26,32.13,36,39.24,43.02,44.25,0.961901
24869,10,70,23, 5.04,12.42,17.46,22.41,27.27,31.68,35.73,39.15,42.39,45.99,50.94,52.33,0.985421
24869,10,70,35, 5.04,13.59,18.18,22.23,26.1,29.97,33.66,36.36,39.6,43.38,47.25,48.92,1.15609
24869,10,70,48, 5.04,14.13,18.09,21.78,25.47,29.07,32.13,34.83,38.34,41.94,44.91,46.82,1.34905
24869,10,70,60, 5.04,14.22,18.45,21.69,25.02,28.44,31.5,34.02,37.08,40.68,43.92,45.49,1.66572
24869,10,90,10, 5.04,2.88,3.33,3.87,4.5,4.95,6.21,6.66,7.11,7.74,8.01,7.83,1.07359
24869,10,90,23, 5.04,7.74,14.04,16.74,20.16,23.22,26.73,29.43,32.31,35.19,37.71,38.87,0.95623
24869,10,90,35, 5.04,11.16,14.85,17.37,20.16,22.86,25.02,27.72,30.42,32.76,34.92,36.06,0.957499
24869,10,90,48, 5.04,11.97,14.94,17.64,20.07,22.14,24.75,26.64,28.89,31.14,33.12,34.38,1.0063
24869,10,90,60, 5.04,12.24,14.94,17.55,19.98,21.87,24.3,26.1,27.9,30.51,32.04,33.30,1.08621
24869,18,10,10, 5.04,24.66,44.01,61.56,97.56,138.06,179.01,221.49,254.16,286.56,322.83,326.20,1.1331
24869,18,10,23, 5.04,26.1,41.22,56.61,90.27,127.44,161.28,196.47,227.97,256.41,289.53,294.67,1.86667
24869,18,10,35, 5.04,24.3,38.16,50.49,72.9,100.35,123.66,146.07,168.3,195.84,220.95,225.41,2.51956
24869,18,10,48, 5.04,23.31,35.55,46.98,60.75,83.07,104.22,121.5,137.97,154.62,172.08,176.20,3.12397
24869,18,10,60, 5.04,22.86,34.02,44.73,55.44,72.81,90.9,106.56,120.69,134.82,147.51,151.51,3.84433
24869,18,30,10, 5.04,14.85,28.17,39.06,47.88,56.97,71.19,91.71,109.89,130.77,150.12,152.85,0.999156
24869,18,30,23, 5.04,18.81,29.61,38.97,46.89,56.43,73.98,88.65,106.92,122.94,136.71,140.43,1.44793
24869,18,30,35, 5.04,19.08,27.81,36.09,43.83,51.84,62.01,74.25,87.3,100.26,111.78,114.50,2.27422
24869,18,30,48, 5.04,19.26,27,34.2,41.67,49.23,56.97,66.51,76.59,86.76,96.21,99.16,2.80836
24869,18,30,60, 5.04,19.44,26.46,33.3,40.41,47.61,54.27,62.19,70.2,79.56,87.03,90.23,3.14961
24869,18,50,10, 5.04,9.72,19.53,27.72,35.82,41.76,47.43,53.19,59.76,70.92,83.25,85.13,0.973649
24869,18,50,23, 5.04,15.84,23.49,30.6,36.81,42.03,48.33,54.81,64.35,74.16,82.98,85.26,1.25454
24869,18,50,35, 5.04,16.29,23.31,28.98,34.74,39.87,46.17,51.12,57.51,65.07,71.73,74.22,1.83862
24869,18,50,48, 5.04,16.56,23.13,28.44,33.39,38.25,44.19,49.41,54.36,60.48,65.61,67.98,2.15455
24869,18,50,60, 5.04,16.47,22.86,27.99,32.67,37.62,43.2,48.33,52.74,57.87,62.37,64.43,2.93896
24869,18,70,10, 5.04,6.3,12.96,18.81,24.21,29.52,34.74,38.88,43.02,46.71,50.58,51.66,0.976166
24869,18,70,23, 5.04,13.77,19.17,24.84,29.88,34.83,38.61,42.84,47.61,52.29,56.79,58.84,1.04157
24869,18,70,35, 5.04,14.58,19.89,24.66,28.98,33.21,36.81,40.5,45.27,49.41,53.19,55.09,1.48973
24869,18,70,48, 5.04,14.94,19.98,24.21,28.17,31.95,35.19,38.97,43.83,47.7,51.3,52.91,1.65268
24869,18,70,60, 5.04,14.85,19.98,23.94,27.72,31.32,34.29,38.43,42.57,46.17,50.04,51.63,1.85915
24869,18,90,10, 5.04,3.87,5.49,8.01,11.25,14.85,19.35,22.41,25.83,28.53,31.41,31.95,0.95452
24869,18,90,23, 5.04,10.89,15.93,19.35,23.58,27.09,30.69,34.29,37.17,39.6,42.21,43.68,0.979958
24869,18,90,35, 5.04,12.51,16.38,20.25,23.76,26.46,29.43,32.31,35.1,37.44,40.05,41.54,1.06417
24869,18,90,48, 5.04,12.96,16.56,20.16,23.22,25.83,28.62,31.32,33.66,35.91,38.43,40.08,1.32885
24869,18,90,60, 5.04,13.14,16.65,20.16,22.95,25.47,28.17,30.78,32.76,35.1,37.8,39.17,1.50469
24869,25,10,10, 5.04,26.19,48.15,67.23,114.57,155.16,198.99,240.21,272.52,309.78,355.05,358.63,1.2096
24869,25,10,23, 5.04,27.72,44.19,67.86,105.75,140.4,179.37,215.01,245.79,277.83,310.86,316.19,2.42314
24869,25,10,35, 5.04,25.83,40.23,55.08,83.61,111.6,135.9,158.85,185.22,214.11,240.57,245.79,2.9129
24869,25,10,48, 5.04,24.93,37.8,51.03,71.19,93.96,113.67,131.31,149.04,167.31,188.19,192.13,3.49645
24869,25,10,60, 5.04,24.39,36.27,48.69,63.81,83.43,100.71,115.56,130.23,144.45,159.12,163.10,4.29182
24869,25,30,10, 5.04,16.65,30.51,42.03,51.12,62.55,83.07,101.7,121.5,142.74,162.09,165.03,1.08227
24869,25,30,23, 5.04,20.43,31.95,41.22,51.39,65.61,81.81,98.19,117.18,130.86,147.42,150.99,1.69035
24869,25,30,35, 5.04,20.34,30.33,38.43,47.79,57.42,70.2,82.62,96.21,107.91,118.89,122.59,2.24996
24869,25,30,48, 5.04,20.52,29.52,37.17,45.72,53.64,63.63,73.53,84.96,94.5,103.23,106.24,2.9747
24869,25,30,60, 5.04,20.16,28.53,35.91,44.64,52.02,60.39,68.49,78.21,85.77,93.33,96.61,3.69578
24869,25,50,10, 5.04,12.06,21.51,30.51,37.98,44.82,51.39,58.14,69.12,81.72,92.52,94.98,0.94998
24869,25,50,23, 5.04,16.38,24.84,32.76,38.88,45.36,52.65,60.57,71.37,80.28,89.55,92.16,1.50433
24869,25,50,35, 5.04,17.37,24.75,31.23,36.9,43.47,49.77,55.8,63.9,70.74,78.3,80.78,1.87761
24869,25,50,48, 5.04,17.64,24.39,30.51,35.55,42.12,48.15,53.64,59.85,65.25,70.38,73.29,2.51707
24869,25,50,60, 5.04,17.55,24.3,29.88,34.65,41.04,46.62,52.38,57.33,62.1,66.96,68.87,2.98423
24869,25,70,10, 5.04,7.65,15.66,21.69,28.08,33.93,38.34,43.74,47.79,52.2,56.7,58.12,0.979718
24869,25,70,23, 5.04,14.85,20.79,26.55,32.31,37.17,41.22,46.8,52.2,57.24,64.8,66.84,1.3492
24869,25,70,35, 5.04,15.12,21.24,26.01,31.32,35.28,39.24,44.73,49.32,53.91,59.58,61.44,1.61278
24869,25,70,48, 5.04,15.57,21.51,25.74,30.6,34.02,38.52,43.74,48.24,52.47,56.25,58.50,1.99486
24869,25,70,60, 5.04,15.39,21.33,25.56,30.06,33.57,38.07,42.57,46.89,51.03,55.17,56.87,2.36321
24869,25,90,10, 5.04,4.95,8.64,13.77,17.82,22.23,25.83,29.88,34.11,37.08,40.05,40.98,1.01122
24869,25,90,23, 5.04,12.42,17.1,21.87,26.28,30.06,34.2,37.26,40.5,44.19,47.97,49.57,1.05048
24869,25,90,35, 5.04,13.41,18.27,22.05,25.65,29.61,32.67,35.46,38.61,42.12,46.17,47.79,1.18476
24869,25,90,48, 5.04,14.13,18.27,21.96,25.47,28.71,31.86,34.38,37.8,41.31,44.64,46.28,1.48937
24869,25,90,60, 5.04,14.22,18.36,22.14,25.2,28.26,30.96,33.57,36.81,40.77,43.47,45.29,1.71144
24869,33,10,10, 5.04,29.25,51.48,81.09,131.22,176.58,223.2,260.46,298.62,339.39,391.23,394.94,1.31944
24869,33,10,23, 5.04,30.6,48.87,82.26,122.4,158.76,199.98,234.9,268.56,304.65,341.82,347.28,2.86631
24869,33,10,35, 5.04,28.53,44.91,66.87,98.01,124.29,149.58,175.32,206.91,235.44,263.61,268.56,3.65057
24869,33,10,48, 5.04,27.27,41.58,58.05,82.53,105.21,125.01,143.28,162.9,184.59,208.8,213.31,4.29711
24869,33,10,60, 5.04,26.46,40.05,54.36,73.35,93.15,110.61,126.09,141.84,157.41,174.15,178.36,5.11433
24869,33,30,10, 5.04,18.72,33.48,44.82,55.62,74.61,93.78,112.95,134.73,156.24,176.94,179.58,1.09184
24869,33,30,23, 5.04,21.87,34.92,45.09,56.7,74.79,90.81,110.43,126.45,142.38,159.12,162.92,1.99123
24869,33,30,35, 5.04,21.78,32.94,42.66,53.28,65.7,78.03,93.24,105.66,117,128.61,131.87,2.72232
24869,33,30,48, 5.04,21.78,31.95,41.67,50.85,61.29,70.83,82.98,92.43,102.24,110.88,114.01,3.44179
24869,33,30,60, 5.04,21.69,31.14,40.41,49.59,58.41,66.78,76.41,84.96,92.52,100.44,103.27,4.19661
24869,33,50,10, 5.04,13.77,23.76,33.57,41.4,48.24,55.53,67.14,79.65,90.9,101.88,104.33,0.988464
24869,33,50,23, 5.04,18,27.09,35.28,41.58,50.04,58.86,69.66,79.2,88.65,100.8,103.39,1.66223
24869,33,50,35, 5.04,18.63,26.64,33.75,40.23,48.42,55.53,63.54,70.83,78.84,87.75,90.33,2.33929
24869,33,50,48, 5.04,19.08,26.01,33.03,39.15,46.8,53.64,59.85,65.43,71.28,79.02,81.75,2.97397
24869,33,50,60, 5.04,19.08,26.01,32.22,38.7,45.72,51.84,57.6,62.28,67.77,74.25,76.98,3.61313
24869,33,70,10, 5.04,9.72,18.09,25.02,32.31,37.8,43.11,48.06,53.1,59.31,68.04,70.05,1.02196
24869,33,70,23, 5.04,15.57,22.41,28.35,34.74,39.6,45.09,50.85,57.15,64.53,71.37,73.64,1.34124
24869,33,70,35, 5.04,16.11,22.86,28.08,33.39,37.89,44.01,49.23,54.36,60.03,64.89,67.26,1.90644
24869,33,70,48, 5.04,16.38,22.86,27.72,32.49,37.26,42.75,48.06,52.92,57.15,60.93,63.34,2.36259
24869,33,70,60, 5.04,16.47,22.68,27.63,31.95,36.09,42.03,47.16,51.39,56.07,59.04,60.94,2.7782
24869,33,90,10, 5.04,6.66,13.23,18,22.86,27.27,32.58,36.36,39.96,43.65,47.07,48.00,1.04787
24869,33,90,23, 5.04,13.5,18.81,24.3,28.53,33.66,37.35,40.77,45.45,49.95,54.36,55.91,1.09038
24869,33,90,35, 5.04,14.58,19.89,24.39,28.17,32.4,35.91,39.15,44.28,48.42,51.93,53.73,1.37903
24869,33,90,48, 5.04,14.76,19.98,24.39,27.99,31.77,34.92,38.34,43.29,46.89,50.67,52.34,1.78808
24869,33,90,60, 5.04,14.94,19.98,24.3,27.81,31.32,34.38,37.53,42.48,46.35,49.41,51.32,2.07405
24869,40,10,10, 5.04,32.04,55.8,96.84,147.6,196.92,242.91,280.35,321.84,374.13,423.45,427.31,1.50591
24869,40,10,23, 5.04,33.03,53.46,92.52,134.73,177.03,218.52,253.17,291.24,328.41,375.39,382.26,3.63619
24869,40,10,35, 5.04,30.78,48.96,76.59,108.81,135.45,162.72,192.78,224.64,255.51,284.13,289.67,5.00156
24869,40,10,48, 5.04,29.52,46.26,66.69,92.34,114.57,135.18,155.43,177.39,202.86,228.33,233.10,5.02516
24869,40,10,60, 5.04,28.71,44.28,61.74,83.61,101.97,119.61,135.99,152.46,169.83,191.16,195.42,6.09765
24869,40,30,10, 5.04,20.52,36.18,48.24,62.01,83.7,103.14,123.57,146.7,168.66,190.71,193.56,1.18448
24869,40,30,23, 5.04,23.67,37.08,49.59,64.98,81.45,101.43,119.34,134.55,152.55,170.28,174.19,2.2218
24869,40,30,35, 5.04,23.67,35.19,47.16,59.4,72.27,87.57,100.62,112.41,124.65,136.62,140.01,3.13771
24869,40,30,48, 5.04,23.4,33.84,45.27,56.25,66.87,78.75,89.46,98.73,108.27,117.54,120.98,3.97456
24869,40,30,60, 5.04,23.4,33.39,44.46,54.9,63.27,73.62,82.89,90.54,98.1,105.66,109.03,4.86826
24869,40,50,10, 5.04,14.94,26.01,36.09,44.46,51.75,62.1,75.87,87.21,98.37,110.16,112.46,1.09003
24869,40,50,23, 5.04,19.35,29.25,37.89,46.53,55.35,66.24,75.96,85.14,97.11,108.27,111.39,1.85409
24869,40,50,35, 5.04,19.89,28.62,36.45,44.91,52.92,61.02,68.4,76.32,85.68,94.05,96.67,2.49695
24869,40,50,48, 5.04,20.16,28.44,35.46,43.74,51.75,58.23,64.62,70.38,78.03,84.87,87.40,3.31044
24869,40,50,60, 5.04,20.16,28.08,34.92,43.11,50.22,56.79,61.65,66.42,73.62,78.93,81.64,4.04795
24869,40,70,10, 5.04,12.24,19.62,28.08,35.19,41.49,46.71,52.29,59.22,68.58,76.86,78.73,1.08987
24869,40,70,23, 5.04,16.38,24.21,31.23,37.17,42.39,49.68,55.71,63.72,70.38,76.68,78.82,1.49153
24869,40,70,35, 5.04,17.1,24.48,30.69,36,41.22,48.33,54.09,59.67,64.71,69.21,71.83,2.264
24869,40,70,48, 5.04,17.37,24.3,30.15,34.83,41.13,47.16,52.56,56.79,61.02,65.07,67.14,2.68733
24869,40,70,60, 5.04,17.46,24.3,29.88,34.2,40.59,46.44,51.21,55.98,59.22,62.55,64.54,3.41271
24869,40,90,10, 5.04,8.01,15.3,21.06,26.55,32.22,36.45,41.22,45,48.78,52.56,54.14,0.93996
24869,40,90,23, 5.04,14.49,20.25,26.1,31.14,35.73,39.96,44.55,50.22,54.99,60.3,62.10,1.39687
24869,40,90,35, 5.04,15.03,21.24,25.92,30.78,34.47,38.34,43.92,48.87,52.92,57.15,59.11,1.64
24869,40,90,48, 5.04,15.3,21.33,25.74,30.33,33.93,37.98,43.2,47.61,51.48,55.8,57.33,2.10758
24869,40,90,60, 5.04,15.48,21.33,25.74,30.15,33.12,36.99,42.48,47.07,50.58,54.18,56.16,2.53074
25097,10,10,10, 5.04,17.82,51.21,93.96,165.6,284.58,416.61,560.34,737.19,870.03,969.12,972.31,1.9208
25097,10,10,23, 5.04,48.15,176.85,399.24,549.27,663.48,810.81,951.66,1051.02,1135.98,1246.5,1258.45,4.68071
25097,10,10,35, 5.04,72.81,308.61,437.85,527.49,617.31,718.2,838.53,936.9,1002.06,1060.56,1070.32,6.51706
25097,10,10,48, 5.04,113.4,330.39,422.01,499.14,561.96,634.41,706.68,797.22,894.33,959.58,968.18,8.23888
25097,10,10,60, 5.04,156.15,323.55,397.71,471.33,527.85,575.46,636.57,696.51,765.54,845.82,853.95,9.6348
25097,10,30,10, 5.04,7.02,16.29,28.08,45.54,63.27,84.69,108.09,147.42,201.69,257.94,260.14,1.385
25097,10,30,23, 5.04,16.2,45.09,84.69,156.69,267.12,380.7,455.76,530.55,587.34,642.69,647.83,1.90772
25097,10,30,35, 5.04,24.75,66.69,159.93,294.3,372.87,430.56,478.17,519.21,558.63,604.17,609.74,3.60232
25097,10,30,48, 5.04,33.12,95.94,251.19,327.96,371.61,419.31,459.36,495.09,528.03,557.01,562.00,4.50828
25097,10,30,60, 5.04,39.15,144.72,276.21,323.91,358.2,399.42,437.31,470.79,497.16,524.25,528.97,5.01639
25097,10,50,10, 5.04,4.59,8.64,13.95,20.25,28.53,39.06,50.13,60.39,71.73,84.78,85.45,1.15326
25097,10,50,23, 5.04,9.45,22.05,39.87,59.58,85.41,119.79,190.08,259.74,330.21,392.67,395.19,1.54381
25097,10,50,35, 5.04,12.96,32.58,58.32,92.16,167.67,250.47,324.54,369.54,409.32,441.99,445.66,1.85394
25097,10,50,48, 5.04,16.74,42.48,80.1,160.56,262.08,311.04,344.79,372.87,402.39,430.47,434.70,2.29625
25097,10,50,60, 5.04,20.43,53.55,119.97,225.54,283.86,314.73,337.05,359.91,385.2,412.38,416.18,2.524
25097,10,70,10, 5.04,3.78,5.76,9.18,12.69,17.01,21.24,26.82,34.65,41.85,49.41,49.00,0.997829
25097,10,70,23, 5.04,6.39,12.96,22.86,35.46,47.43,62.1,79.65,98.01,132.12,178.47,180.17,1.24606
25097,10,70,35, 5.04,8.64,19.26,34.11,51.03,71.73,97.65,152.55,210.33,273.06,321.21,322.91,1.60394
25097,10,70,48, 5.04,10.62,26.1,44.28,69.03,109.89,172.44,247.23,292.41,322.2,343.8,346.40,1.85155
25097,10,70,60, 5.04,12.15,30.69,56.52,91.62,160.02,237.06,275.31,303.12,321.03,336.69,339.93,2.06316
25097,10,90,10, 5.04,3.69,4.59,6.48,9.09,11.61,14.49,18.09,21.06,25.38,30.15,30.06,0.93581
25097,10,90,23, 5.04,4.77,9.18,14.76,22.23,31.77,40.86,49.41,59.76,72.36,86.13,86.20,1.13954
25097,10,90,35, 5.04,6.48,13.14,22.95,33.66,45.63,59.94,75.51,94.5,127.26,174.6,175.78,1.26226
25097,10,90,48, 5.04,8.28,17.01,30.15,44.1,62.55,82.98,124.47,166.32,215.73,268.65,269.30,1.52874
25097,10,90,60, 5.04,9.72,21.33,35.64,55.35,78.3,125.19,170.46,229.41,262.26,288.81,290.40,1.64376
25097,18,10,10, 5.04,18.81,54.63,103.77,197.73,323.46,467.82,644.58,808.47,927.27,1047.69,1051.35,1.9459
25097,18,10,23, 5.04,53.1,207.45,430.74,576.63,704.25,875.88,1007.01,1096.74,1204.56,1310.49,1321.59,4.90513
25097,18,10,35, 5.04,79.47,330.75,457.47,548.91,651.87,760.68,888.66,976.59,1042.38,1105.11,1114.94,6.92628
25097,18,10,48, 5.04,133.38,340.65,438.66,516.69,580.41,666.27,745.2,849.87,938.79,995.4,1004.48,9.08545
25097,18,10,60, 5.04,178.38,333.45,415.35,486,544.14,596.25,667.35,731.43,811.62,906.12,913.90,10.313
25097,18,30,10, 5.04,7.11,17.01,30.24,48.33,67.05,89.82,118.08,162.54,222.93,281.97,283.86,1.41126
25097,18,30,23, 5.04,17.19,46.53,89.55,173.61,291.69,401.76,475.11,551.34,607.14,664.56,669.88,1.99664
25097,18,30,35, 5.04,26.73,71.01,175.23,311.49,387.81,443.7,490.14,531.63,574.47,624.69,630.33,3.93566
25097,18,30,48, 5.04,34.29,105.84,268.02,335.07,381.96,431.01,470.16,505.17,538.38,568.71,574.51,5.10202
25097,18,30,60, 5.04,41.85,155.34,287.91,330.21,367.38,410.94,447.21,480.78,507.69,535.5,540.72,5.57422
25097,18,50,10, 5.04,4.59,9,14.49,20.79,30.06,41.22,51.93,62.82,74.34,88.92,89.16,1.08126
25097,18,50,23, 5.04,9.63,22.95,41.31,62.46,89.28,131.58,204.93,278.37,350.73,407.7,410.91,1.61396
25097,18,50,35, 5.04,13.5,33.84,61.02,96.3,180.72,271.8,335.61,381.33,419.04,450.99,455.26,2.07861
